ID,TestInt,TestFloat,TestLong,TestDouble,TestDemical,,,,,,
1,47418620936,3.73350050241924E+24,3.73350050241924E+24,27099281,213383794212,,,,,,
